[
{
    "model": "sessions.session",
    "pk": "o0apxd4nkh9vmoa5w8rhb78usn4ggyb9",
    "fields": {
        "session_data": ".eJxVjEEOwiAQRe_C2hAqU5hx6b5nIAwMUjVtUtqV8e7apAvd_vfef6kQt7WGrckSxqwuqvPq9DtyTA-ZdpLvcbrNOs3Tuoysd0UftOlhzvK8Hu7fQY2tfmtC3_UFTTboDPTgbE7EhgtYQhYka4WZMRUXE_RE0JWzzRJBPCVE9f4A9As3_w:1w7UpP:yJ6TjFfGoLUZGLD7P-1cNt4-e5tOj3i-kK05owqWYGk",
        "expire_date": "2026-04-14T08:52:03.827Z"
    }
},
{
    "model": "sessions.session",
    "pk": "ts820o0ogpngz3qjwkwv6qejl9tsb5rg",
    "fields": {
        "session_data": ".eJxVjDsOwjAQBe_iGllZr7-U9DmD5fUHB5AjxUmFuDuylALaNzPvzXw49uqPnje_JHZlil1-NwrxmdsA6RHafeVxbfu2EB8KP2nn85ry63a6fwc19DpqcABGQDbFaKvd5KJB1CSnYBRoVEAqFwoSrChSUFGIxYEwOqMlIdnnC6_nNo0:1w4XYg:TfMWgJWiLz6mONeAhremtPoYtNZjJnNOQ2d259x__t4",
        "expire_date": "2026-04-06T05:10:34.030Z"
    }
},
{
    "model": "core.user",
    "fields": {
        "password": "pbkdf2_sha256$1200000$7q4bGNzrfq0ZBGvjWOAI1u$flr3wIX1V141121JpSCaQrFUF3bEQ6uZVO++9uQUdwg=",
        "last_login": null,
        "is_superuser": true,
        "first_name": "",
        "last_name": "",
        "is_staff": true,
        "is_active": true,
        "date_joined": "2026-03-22T18:25:54.820Z",
        "email": "japhethanold2@gmail.com",
        "phone_number": null,
        "groups": [],
        "user_permissions": []
    }
},
{
    "model": "core.user",
    "fields": {
        "password": "pbkdf2_sha256$1200000$VROWTsd0zMxOC1g1QdJ64n$gAAzBR11F2MlS/PW6YixxIRsR+YNZjZPR+Wk7JAZQ8Q=",
        "last_login": "2026-03-22T19:34:42.823Z",
        "is_superuser": true,
        "first_name": "",
        "last_name": "",
        "is_staff": true,
        "is_active": true,
        "date_joined": "2026-03-22T19:34:16.461Z",
        "email": "japhethanold3@gmail.com",
        "phone_number": null,
        "groups": [],
        "user_permissions": []
    }
},
{
    "model": "core.user",
    "fields": {
        "password": "pbkdf2_sha256$1200000$3l3kVBC7QiZACiGDdhm7qj$4lJ4u4xT10fAsZOTJOZY2sZJEqikpkUjC6M93iHvXEw=",
        "last_login": null,
        "is_superuser": false,
        "first_name": "japheth",
        "last_name": "Dindi",
        "is_staff": false,
        "is_active": true,
        "date_joined": "2026-03-23T03:09:34.451Z",
        "email": "japhethanold32@gmail.com",
        "phone_number": "0704345035",
        "groups": [],
        "user_permissions": []
    }
},
{
    "model": "core.user",
    "fields": {
        "password": "pbkdf2_sha256$1200000$f6IwPo8ZmqgG2F8ce6ssmI$z/EBLRif2SDSzr8L+jYAdgzPjxVSmDx7B+D689FY85k=",
        "last_login": null,
        "is_superuser": false,
        "first_name": "Japheth Anold",
        "last_name": "Dindi",
        "is_staff": false,
        "is_active": true,
        "date_joined": "2026-03-23T03:24:24.467Z",
        "email": "japhethanold25@gmail.com",
        "phone_number": "0704345035",
        "groups": [],
        "user_permissions": []
    }
},
{
    "model": "core.user",
    "fields": {
        "password": "pbkdf2_sha256$1200000$WZtYkTBXkPHVn49Y6F1EUK$tAe4SRQ9nud3+X6Aa8Jkvvlut7E7SQlqScUVI/Ir9hk=",
        "last_login": "2026-03-23T05:10:34.002Z",
        "is_superuser": true,
        "first_name": "",
        "last_name": "",
        "is_staff": true,
        "is_active": true,
        "date_joined": "2026-03-23T05:09:15.209Z",
        "email": "japheth12@gmail.com",
        "phone_number": null,
        "groups": [],
        "user_permissions": []
    }
},
{
    "model": "core.user",
    "fields": {
        "password": "pbkdf2_sha256$1200000$RmCEET1vWPYj271NrNg1KA$b6JENHfLQGnxRL5hN9eDZin1akMdSYB3ii2UfiQDfgs=",
        "last_login": null,
        "is_superuser": false,
        "first_name": "Japheth Anold",
        "last_name": "Dindi",
        "is_staff": false,
        "is_active": true,
        "date_joined": "2026-03-24T04:55:16.558Z",
        "email": "japhethanold245@gmail.com",
        "phone_number": "0704345035",
        "groups": [],
        "user_permissions": []
    }
},
{
    "model": "core.user",
    "fields": {
        "password": "pbkdf2_sha256$1200000$YzZRoKX9XyWJcYgsxM7UAX$9Q7YM+AuWW4WjPeemQYwcRRPg5xvU+FIxPwWiMiaQ9s=",
        "last_login": null,
        "is_superuser": false,
        "first_name": "Japheth Anold",
        "last_name": "Dindi",
        "is_staff": false,
        "is_active": true,
        "date_joined": "2026-03-24T04:55:38.551Z",
        "email": "japhethanold15@gmail.com",
        "phone_number": "254704345035",
        "groups": [],
        "user_permissions": []
    }
},
{
    "model": "core.user",
    "fields": {
        "password": "pbkdf2_sha256$1200000$7bpgGq67zrh5L6CCvD2Lft$SjJPukNQNtuIBMCcmxb06b8+Xxx+YRzz32sHj77CnwQ=",
        "last_login": null,
        "is_superuser": false,
        "first_name": "japheth",
        "last_name": "Dindi",
        "is_staff": false,
        "is_active": true,
        "date_joined": "2026-03-24T05:08:51.378Z",
        "email": "japhethanold243@gmail.com",
        "phone_number": "0704345035",
        "groups": [],
        "user_permissions": []
    }
},
{
    "model": "core.user",
    "fields": {
        "password": "pbkdf2_sha256$1200000$AVvLwDNGNnEeAfmcFiO13u$86tf/EG0EffAU6UZ8gx71CTm+sulGo6+OikezExJQro=",
        "last_login": null,
        "is_superuser": false,
        "first_name": "japheth",
        "last_name": "Dindi",
        "is_staff": false,
        "is_active": true,
        "date_joined": "2026-03-24T05:10:07.009Z",
        "email": "japhethanold207@gmail.com",
        "phone_number": "0704345035",
        "groups": [],
        "user_permissions": []
    }
},
{
    "model": "core.user",
    "fields": {
        "password": "pbkdf2_sha256$1200000$wpf2rwnpJ2rlnoBm8s7wJv$stFIC7yhjSGWc5eyBN/mCaGrM/JKHRavCK5o0VXtsis=",
        "last_login": null,
        "is_superuser": false,
        "first_name": "RUTH ATSIEINO ODHIAMBO",
        "last_name": "",
        "is_staff": false,
        "is_active": true,
        "date_joined": "2026-03-25T16:27:24.379Z",
        "email": "japheth123@gmail.com",
        "phone_number": null,
        "groups": [],
        "user_permissions": []
    }
},
{
    "model": "core.user",
    "fields": {
        "password": "pbkdf2_sha256$1200000$i4h1JWETkGJdYI6qUf9n77$hHh8CZEsyW1gl0M53N0J1uZemdGwGGFK/uC2Dg6D/y0=",
        "last_login": null,
        "is_superuser": false,
        "first_name": "japheth Anold Dindi",
        "last_name": "",
        "is_staff": false,
        "is_active": true,
        "date_joined": "2026-03-25T16:28:04.914Z",
        "email": "japheth1@gmail.com",
        "phone_number": null,
        "groups": [],
        "user_permissions": []
    }
},
{
    "model": "core.user",
    "fields": {
        "password": "pbkdf2_sha256$1200000$RI1KH8bq3KlWfGt8Wils1G$poou8tQq+5TbN+5pr/TfgJltxRJjqp1jFX5RaWCo2MI=",
        "last_login": null,
        "is_superuser": false,
        "first_name": "japheth",
        "last_name": "",
        "is_staff": false,
        "is_active": true,
        "date_joined": "2026-03-25T16:36:17.970Z",
        "email": "japheth@gmail.com",
        "phone_number": "0704345035",
        "groups": [],
        "user_permissions": []
    }
},
{
    "model": "core.user",
    "fields": {
        "password": "pbkdf2_sha256$1200000$Ir9Z0hoY9hTZUZu8Jgt5So$eHlq0pB+vJpfpc8nYAtrfcd2UIpVtOjD6W3uq8UHapg=",
        "last_login": null,
        "is_superuser": false,
        "first_name": "Julia",
        "last_name": "",
        "is_staff": false,
        "is_active": true,
        "date_joined": "2026-03-25T16:39:21.689Z",
        "email": "japheth9@gmail.com",
        "phone_number": "0704345035",
        "groups": [],
        "user_permissions": []
    }
},
{
    "model": "core.user",
    "fields": {
        "password": "pbkdf2_sha256$1200000$RG6V1iRLYQiNAEKKIF4hKV$b0A2rdZLFeiVaXLbmZM1LBkGYX3VcgX2/oFpUywD254=",
        "last_login": null,
        "is_superuser": false,
        "first_name": "Japheth",
        "last_name": "",
        "is_staff": false,
        "is_active": true,
        "date_joined": "2026-03-25T16:46:56.075Z",
        "email": "japheth4@gmail.com",
        "phone_number": "0704345035",
        "groups": [],
        "user_permissions": []
    }
},
{
    "model": "core.user",
    "fields": {
        "password": "pbkdf2_sha256$1200000$5MuKZsj3atX3JdY7f1EUqN$k9BPUQGTMwBST5jg9ORqnSUeF99LzW2h7D+ssl5Q+2o=",
        "last_login": null,
        "is_superuser": false,
        "first_name": "japheth Anold Dindi",
        "last_name": "",
        "is_staff": false,
        "is_active": true,
        "date_joined": "2026-03-25T16:59:21.359Z",
        "email": "japheth45@gmail.com",
        "phone_number": "0704345035",
        "groups": [],
        "user_permissions": []
    }
},
{
    "model": "core.user",
    "fields": {
        "password": "pbkdf2_sha256$1200000$ZYjVIPYKTynkzY9UmeszM8$ZJ1r8Fn8EztqEfwRLGMn/Wxf+xbyHI5HMsYUsmp3d4U=",
        "last_login": "2026-03-25T17:44:13.259Z",
        "is_superuser": true,
        "first_name": "",
        "last_name": "",
        "is_staff": true,
        "is_active": true,
        "date_joined": "2026-03-25T17:43:27.751Z",
        "email": "japheth00@gmail.com",
        "phone_number": null,
        "groups": [],
        "user_permissions": []
    }
},
{
    "model": "core.user",
    "fields": {
        "password": "pbkdf2_sha256$1200000$ugROP6aJz8FJ1O0R4iic5e$pYgjmu9VI0bVyhD6YkQTbw5Qobaerm5Njh9C+sIPZFM=",
        "last_login": "2026-03-31T08:52:03.778Z",
        "is_superuser": true,
        "first_name": "",
        "last_name": "",
        "is_staff": true,
        "is_active": true,
        "date_joined": "2026-03-26T21:51:06.075Z",
        "email": "admin@gmail.com",
        "phone_number": null,
        "groups": [],
        "user_permissions": []
    }
},
{
    "model": "core.user",
    "fields": {
        "password": "pbkdf2_sha256$1200000$AVk2GA9o9qAkyRJvWlJzWE$KWJUHpqwAIJYPLqInFyV1lHed35Avvmzf7wYJopLPGk=",
        "last_login": null,
        "is_superuser": false,
        "first_name": "japheth",
        "last_name": "",
        "is_staff": false,
        "is_active": true,
        "date_joined": "2026-04-09T06:25:25.653Z",
        "email": "japheth457@gmail.com",
        "phone_number": "0704345035",
        "groups": [],
        "user_permissions": []
    }
},
{
    "model": "products.category",
    "pk": 1,
    "fields": {
        "name": "shirts",
        "slug": "shirts"
    }
},
{
    "model": "products.category",
    "pk": 2,
    "fields": {
        "name": "sheets",
        "slug": "sheets"
    }
},
{
    "model": "products.category",
    "pk": 3,
    "fields": {
        "name": "Beddings",
        "slug": "beddings"
    }
},
{
    "model": "products.category",
    "pk": 4,
    "fields": {
        "name": "Foot wears",
        "slug": "foot-wears"
    }
},
{
    "model": "products.category",
    "pk": 5,
    "fields": {
        "name": "inner wear",
        "slug": "inner-wear"
    }
},
{
    "model": "products.product",
    "pk": 4,
    "fields": {
        "category": 1,
        "name": "polo shirt",
        "slug": "polo-shirt",
        "description": "Black",
        "price": "45.00",
        "stock": 0,
        "image": "products/kesses1_Lmpw9SC.jpg",
        "is_available": true,
        "created_at": "2025-12-18T00:06:13.170Z",
        "updated_at": "2026-04-09T06:26:01.159Z"
    }
},
{
    "model": "products.product",
    "pk": 5,
    "fields": {
        "category": 3,
        "name": "duvet",
        "slug": "duvet",
        "description": "woolen",
        "price": "4000.00",
        "stock": 5,
        "image": "products/war_LSgvHrq.jpg",
        "is_available": true,
        "created_at": "2025-12-18T00:06:46.934Z",
        "updated_at": "2026-04-09T06:26:00.962Z"
    }
},
{
    "model": "products.product",
    "pk": 6,
    "fields": {
        "category": 2,
        "name": "sheets",
        "slug": "sheets",
        "description": "square",
        "price": "600.00",
        "stock": 0,
        "image": "products/keses.jpg",
        "is_available": true,
        "created_at": "2025-12-18T00:07:30.397Z",
        "updated_at": "2026-04-06T22:40:05.875Z"
    }
},
{
    "model": "products.product",
    "pk": 7,
    "fields": {
        "category": 2,
        "name": "sheets",
        "slug": "cover",
        "description": "square",
        "price": "600.00",
        "stock": 3,
        "image": "",
        "is_available": true,
        "created_at": "2025-12-18T00:07:53.895Z",
        "updated_at": "2026-04-09T06:26:01.266Z"
    }
},
{
    "model": "orders.order",
    "pk": 1,
    "fields": {
        "user": [
            "japheth12@gmail.com"
        ],
        "first_name": "japheth",
        "last_name": "Dindi",
        "email": "japhethanold2@gmail.com",
        "address": "buisa 11",
        "postal_code": "50400",
        "city": "busia",
        "created_at": "2026-03-23T05:11:15.510Z",
        "updated_at": "2026-03-23T05:24:41.228Z",
        "status": "Shipped",
        "payment_status": "Pending",
        "total_paid": "0.00",
        "order_key": "69ced740-5027-4e8d-8f61-c8eb1927d57c"
    }
},
{
    "model": "orders.order",
    "pk": 2,
    "fields": {
        "user": [
            "japheth12@gmail.com"
        ],
        "first_name": "Japheth",
        "last_name": "Dindi",
        "email": "japhethanold258@gmail.com",
        "address": "Nairobi",
        "postal_code": "00100",
        "city": "Nairobi",
        "created_at": "2026-03-23T05:34:03.871Z",
        "updated_at": "2026-03-23T05:47:56.585Z",
        "status": "Pending",
        "payment_status": "Completed",
        "total_paid": "100.00",
        "order_key": "422691c0-99b7-4562-8ebe-fd0a53d6551f"
    }
},
{
    "model": "orders.order",
    "pk": 3,
    "fields": {
        "user": [
            "japheth12@gmail.com"
        ],
        "first_name": "Japheth",
        "last_name": "Dindi",
        "email": "japhethanold258@gmail.com",
        "address": "Nairobi",
        "postal_code": "00100",
        "city": "Nairobi",
        "created_at": "2026-03-23T05:35:55.457Z",
        "updated_at": "2026-03-23T05:35:55.544Z",
        "status": "Pending",
        "payment_status": "Pending",
        "total_paid": "50.00",
        "order_key": "50f6f82e-5e44-46c0-a0ab-95e8346af841"
    }
},
{
    "model": "orders.order",
    "pk": 4,
    "fields": {
        "user": [
            "japheth45@gmail.com"
        ],
        "first_name": "japheth",
        "last_name": "Dindi",
        "email": "japhethanold2@gmail.com",
        "address": "buisa 11",
        "postal_code": "50400",
        "city": "Nairobi",
        "created_at": "2026-03-26T22:29:47.429Z",
        "updated_at": "2026-03-26T22:29:47.429Z",
        "status": "Pending",
        "payment_status": "Pending",
        "total_paid": "0.00",
        "order_key": "e978805f-abb5-4a5b-ba6e-ef09bc054ae0"
    }
},
{
    "model": "orders.order",
    "pk": 5,
    "fields": {
        "user": [
            "japheth45@gmail.com"
        ],
        "first_name": "japheth",
        "last_name": "Dindi",
        "email": "japhethanold2@gmail.com",
        "address": "buisa 11",
        "postal_code": "50400",
        "city": "Nairobi",
        "created_at": "2026-03-26T22:29:52.652Z",
        "updated_at": "2026-03-26T22:29:52.652Z",
        "status": "Pending",
        "payment_status": "Pending",
        "total_paid": "0.00",
        "order_key": "bcfba65b-ad85-48db-87bd-fe194cdfa6da"
    }
},
{
    "model": "orders.order",
    "pk": 6,
    "fields": {
        "user": [
            "japheth45@gmail.com"
        ],
        "first_name": "japheth",
        "last_name": "Dindi",
        "email": "japhethanold2@gmail.com",
        "address": "buisa 11",
        "postal_code": "50400",
        "city": "Nairobi",
        "created_at": "2026-03-26T22:31:50.092Z",
        "updated_at": "2026-03-26T22:31:50.092Z",
        "status": "Pending",
        "payment_status": "Pending",
        "total_paid": "0.00",
        "order_key": "f25fd629-55f5-4ef9-a10d-1f127f632ca6"
    }
},
{
    "model": "orders.order",
    "pk": 7,
    "fields": {
        "user": [
            "japheth45@gmail.com"
        ],
        "first_name": "Japheth Anold",
        "last_name": "Dindi",
        "email": "japhethanold03@gmail.com",
        "address": "Eldoret",
        "postal_code": "30100",
        "city": "Nairobi",
        "created_at": "2026-03-26T22:32:22.571Z",
        "updated_at": "2026-03-26T22:32:22.571Z",
        "status": "Pending",
        "payment_status": "Pending",
        "total_paid": "0.00",
        "order_key": "3d429a72-1a1c-4762-9477-9ce52cb48941"
    }
},
{
    "model": "orders.order",
    "pk": 8,
    "fields": {
        "user": [
            "admin@gmail.com"
        ],
        "first_name": "japheth",
        "last_name": "Dindi",
        "email": "japhethanold2@gmail.com",
        "address": "buisa 11",
        "postal_code": "50400",
        "city": "Nairobi",
        "created_at": "2026-03-26T22:33:46.835Z",
        "updated_at": "2026-03-26T22:33:46.835Z",
        "status": "Pending",
        "payment_status": "Pending",
        "total_paid": "0.00",
        "order_key": "3396252b-f7d3-481b-b486-bbd04cb44d91"
    }
},
{
    "model": "orders.order",
    "pk": 9,
    "fields": {
        "user": [
            "admin@gmail.com"
        ],
        "first_name": "japheth",
        "last_name": "Dindi",
        "email": "japhethanold2@gmail.com",
        "address": "buisa 11",
        "postal_code": "50400",
        "city": "Nairobi",
        "created_at": "2026-03-26T22:35:05.626Z",
        "updated_at": "2026-03-26T22:35:05.626Z",
        "status": "Pending",
        "payment_status": "Pending",
        "total_paid": "0.00",
        "order_key": "29ed3fbb-f756-4a25-a8f3-9119832f308f"
    }
},
{
    "model": "orders.order",
    "pk": 10,
    "fields": {
        "user": [
            "admin@gmail.com"
        ],
        "first_name": "japheth",
        "last_name": "Dindi",
        "email": "japhethanold2@gmail.com",
        "address": "buisa 11",
        "postal_code": "50400",
        "city": "Nairobi",
        "created_at": "2026-03-26T22:35:11.750Z",
        "updated_at": "2026-03-26T22:35:11.750Z",
        "status": "Pending",
        "payment_status": "Pending",
        "total_paid": "0.00",
        "order_key": "90ca6ef3-04cd-4289-ac7c-26aa0035a418"
    }
},
{
    "model": "orders.order",
    "pk": 11,
    "fields": {
        "user": [
            "admin@gmail.com"
        ],
        "first_name": "Japheth Anold",
        "last_name": "Dindi",
        "email": "japhethanold2@gmail.com",
        "address": "Eldoret",
        "postal_code": "30100",
        "city": "Nairobi",
        "created_at": "2026-03-26T22:36:17.626Z",
        "updated_at": "2026-03-26T22:36:17.626Z",
        "status": "Pending",
        "payment_status": "Pending",
        "total_paid": "0.00",
        "order_key": "153d7093-9d78-4d1e-8bdf-988902b2721b"
    }
},
{
    "model": "orders.order",
    "pk": 12,
    "fields": {
        "user": [
            "admin@gmail.com"
        ],
        "first_name": "japheth",
        "last_name": "Dindi",
        "email": "japhethanold2@gmail.com",
        "address": "buisa 11",
        "postal_code": "50400",
        "city": "Nairobi",
        "created_at": "2026-03-26T22:37:18.540Z",
        "updated_at": "2026-03-26T22:37:18.540Z",
        "status": "Pending",
        "payment_status": "Pending",
        "total_paid": "0.00",
        "order_key": "5beebaa3-1976-413f-a65b-80d590819c54"
    }
},
{
    "model": "orders.order",
    "pk": 13,
    "fields": {
        "user": [
            "admin@gmail.com"
        ],
        "first_name": "japheth",
        "last_name": "Dindi",
        "email": "japhethanold2@gmail.com",
        "address": "buisa 11",
        "postal_code": "50400",
        "city": "Nairobi",
        "created_at": "2026-03-26T22:38:27.059Z",
        "updated_at": "2026-03-26T22:38:27.059Z",
        "status": "Pending",
        "payment_status": "Pending",
        "total_paid": "0.00",
        "order_key": "c5fbb2dc-2694-4c82-8bd4-8504e1c1c0be"
    }
},
{
    "model": "orders.order",
    "pk": 14,
    "fields": {
        "user": [
            "admin@gmail.com"
        ],
        "first_name": "japheth",
        "last_name": "Dindi",
        "email": "japhethanold2@gmail.com",
        "address": "buisa 11",
        "postal_code": "50400",
        "city": "Nairobi",
        "created_at": "2026-03-26T22:39:07.076Z",
        "updated_at": "2026-03-26T22:39:07.076Z",
        "status": "Pending",
        "payment_status": "Pending",
        "total_paid": "0.00",
        "order_key": "5419d1c8-7b6f-435c-8dd8-f20d5e4df950"
    }
},
{
    "model": "orders.order",
    "pk": 15,
    "fields": {
        "user": [
            "admin@gmail.com"
        ],
        "first_name": "japheth",
        "last_name": "Dindi",
        "email": "japhethanold2@gmail.com",
        "address": "buisa 11",
        "postal_code": "50400",
        "city": "Nairobi",
        "created_at": "2026-03-26T22:39:08.936Z",
        "updated_at": "2026-03-26T22:39:08.936Z",
        "status": "Pending",
        "payment_status": "Pending",
        "total_paid": "0.00",
        "order_key": "e7e42914-e3f3-451d-be35-c9420d9b010b"
    }
},
{
    "model": "orders.order",
    "pk": 16,
    "fields": {
        "user": [
            "admin@gmail.com"
        ],
        "first_name": "japheth",
        "last_name": "Dindi",
        "email": "japhethanold2@gmail.com",
        "address": "buisa 11",
        "postal_code": "50400",
        "city": "Nairobi",
        "created_at": "2026-03-26T22:39:16.306Z",
        "updated_at": "2026-03-26T22:39:16.306Z",
        "status": "Pending",
        "payment_status": "Pending",
        "total_paid": "0.00",
        "order_key": "abc98eef-fb80-4eae-94be-a1c7c7e5cc9d"
    }
},
{
    "model": "orders.order",
    "pk": 17,
    "fields": {
        "user": [
            "admin@gmail.com"
        ],
        "first_name": "japheth",
        "last_name": "Dindi",
        "email": "japhethanold2@gmail.com",
        "address": "buisa 11",
        "postal_code": "50400",
        "city": "Nairobi",
        "created_at": "2026-03-26T22:39:35.491Z",
        "updated_at": "2026-03-26T22:39:35.491Z",
        "status": "Pending",
        "payment_status": "Pending",
        "total_paid": "0.00",
        "order_key": "2646e86e-a82e-4772-89d8-0093db746e61"
    }
},
{
    "model": "orders.order",
    "pk": 18,
    "fields": {
        "user": [
            "admin@gmail.com"
        ],
        "first_name": "japheth",
        "last_name": "Dindi",
        "email": "japhethanold2@gmail.com",
        "address": "buisa 11",
        "postal_code": "50400",
        "city": "Nairobi",
        "created_at": "2026-03-26T22:41:12.027Z",
        "updated_at": "2026-03-26T22:41:12.027Z",
        "status": "Pending",
        "payment_status": "Pending",
        "total_paid": "0.00",
        "order_key": "c31b5885-849b-4799-9a2c-6bfa545212ba"
    }
},
{
    "model": "orders.order",
    "pk": 19,
    "fields": {
        "user": [
            "admin@gmail.com"
        ],
        "first_name": "japheth",
        "last_name": "Dindi",
        "email": "japhethanold2@gmail.com",
        "address": "buisa 11",
        "postal_code": "50400",
        "city": "Nairobi",
        "created_at": "2026-03-26T22:42:58.270Z",
        "updated_at": "2026-03-26T22:42:58.270Z",
        "status": "Pending",
        "payment_status": "Pending",
        "total_paid": "0.00",
        "order_key": "ec8b809c-f1f9-48bf-8457-73d12186ef81"
    }
},
{
    "model": "orders.order",
    "pk": 20,
    "fields": {
        "user": [
            "admin@gmail.com"
        ],
        "first_name": "japheth",
        "last_name": "Dindi",
        "email": "japhethanold2@gmail.com",
        "address": "buisa 11",
        "postal_code": "50400",
        "city": "Nairobi",
        "created_at": "2026-03-26T22:43:03.722Z",
        "updated_at": "2026-03-26T22:43:03.722Z",
        "status": "Pending",
        "payment_status": "Pending",
        "total_paid": "0.00",
        "order_key": "6ae25181-7cf8-4dd5-adf5-d92122337bab"
    }
},
{
    "model": "orders.order",
    "pk": 21,
    "fields": {
        "user": [
            "admin@gmail.com"
        ],
        "first_name": "japheth",
        "last_name": "Dindi",
        "email": "japhethanold2@gmail.com",
        "address": "buisa 11",
        "postal_code": "50400",
        "city": "Nairobi",
        "created_at": "2026-03-26T22:45:00.165Z",
        "updated_at": "2026-03-26T22:45:00.401Z",
        "status": "Pending",
        "payment_status": "Pending",
        "total_paid": "3274.00",
        "order_key": "5d14fdef-2451-49ee-bd02-e9127b5b492c"
    }
},
{
    "model": "orders.order",
    "pk": 22,
    "fields": {
        "user": [
            "admin@gmail.com"
        ],
        "first_name": "japheth",
        "last_name": "Dindi",
        "email": "japhethanold2@gmail.com",
        "address": "buisa 11",
        "postal_code": "50400",
        "city": "Nairobi",
        "created_at": "2026-03-26T22:45:25.383Z",
        "updated_at": "2026-03-26T22:45:25.473Z",
        "status": "Pending",
        "payment_status": "Pending",
        "total_paid": "12000.00",
        "order_key": "f6c2474e-bf33-40e4-a175-01031d16a7f3"
    }
},
{
    "model": "orders.order",
    "pk": 23,
    "fields": {
        "user": [
            "admin@gmail.com"
        ],
        "first_name": "japheth",
        "last_name": "Dindi",
        "email": "japhethanold2@gmail.com",
        "address": "Eldoret",
        "postal_code": "50400",
        "city": "Nairobi",
        "created_at": "2026-03-26T23:01:59.797Z",
        "updated_at": "2026-03-26T23:02:02.615Z",
        "status": "Pending",
        "payment_status": "Pending",
        "total_paid": "3050.00",
        "order_key": "94e33d22-79cd-452a-80e6-78a7a4e185bb"
    }
},
{
    "model": "orders.order",
    "pk": 24,
    "fields": {
        "user": [
            "admin@gmail.com"
        ],
        "first_name": "japheth",
        "last_name": "Dindi",
        "email": "japhethanold2@gmail.com",
        "address": "buisa 11",
        "postal_code": "50400",
        "city": "Nairobi",
        "created_at": "2026-03-26T23:05:51.463Z",
        "updated_at": "2026-03-26T23:05:51.869Z",
        "status": "Pending",
        "payment_status": "Pending",
        "total_paid": "9696.00",
        "order_key": "32fd2c86-24cd-476b-9308-d7e08d7c095b"
    }
},
{
    "model": "orders.order",
    "pk": 25,
    "fields": {
        "user": [
            "admin@gmail.com"
        ],
        "first_name": "Japheth Anold",
        "last_name": "Dindi",
        "email": "admin@gmail.com",
        "address": "Eldoret",
        "postal_code": "30100",
        "city": "Eldoret",
        "created_at": "2026-04-06T22:37:20.264Z",
        "updated_at": "2026-04-06T22:37:20.846Z",
        "status": "Pending",
        "payment_status": "Pending",
        "total_paid": "1800.00",
        "order_key": "04d58c7c-fa3d-4efa-bd37-2ef8575c63f9"
    }
},
{
    "model": "orders.order",
    "pk": 26,
    "fields": {
        "user": [
            "admin@gmail.com"
        ],
        "first_name": "Japheth Anold",
        "last_name": "Dindi",
        "email": "admin@gmail.com",
        "address": "Eldoret",
        "postal_code": "30100",
        "city": "Eldoret",
        "created_at": "2026-04-06T22:40:05.676Z",
        "updated_at": "2026-04-06T22:40:06.098Z",
        "status": "Pending",
        "payment_status": "Pending",
        "total_paid": "4645.00",
        "order_key": "c29ec102-89ba-41b5-927a-dd7a6549f5ae"
    }
},
{
    "model": "orders.order",
    "pk": 27,
    "fields": {
        "user": [
            "japheth457@gmail.com"
        ],
        "first_name": "japheth",
        "last_name": "Dindi",
        "email": "japheth457@gmail.com",
        "address": "buisa 11",
        "postal_code": "50400",
        "city": "busia",
        "created_at": "2026-04-09T06:26:00.782Z",
        "updated_at": "2026-04-09T07:01:54.293Z",
        "status": "Delivered",
        "payment_status": "Pending",
        "total_paid": "4690.00",
        "order_key": "4f97f0ca-66c1-4b06-b7df-f7c38eb2a34a"
    }
},
{
    "model": "orders.orderitem",
    "pk": 1,
    "fields": {
        "order": 2,
        "product": null,
        "price": "50.00",
        "quantity": 1
    }
},
{
    "model": "orders.orderitem",
    "pk": 2,
    "fields": {
        "order": 3,
        "product": null,
        "price": "50.00",
        "quantity": 1
    }
},
{
    "model": "orders.orderitem",
    "pk": 3,
    "fields": {
        "order": 6,
        "product": null,
        "price": "50.00",
        "quantity": 4
    }
},
{
    "model": "orders.orderitem",
    "pk": 4,
    "fields": {
        "order": 6,
        "product": null,
        "price": "124.00",
        "quantity": 7
    }
},
{
    "model": "orders.orderitem",
    "pk": 5,
    "fields": {
        "order": 7,
        "product": null,
        "price": "50.00",
        "quantity": 4
    }
},
{
    "model": "orders.orderitem",
    "pk": 6,
    "fields": {
        "order": 7,
        "product": null,
        "price": "124.00",
        "quantity": 7
    }
},
{
    "model": "orders.orderitem",
    "pk": 7,
    "fields": {
        "order": 8,
        "product": null,
        "price": "50.00",
        "quantity": 4
    }
},
{
    "model": "orders.orderitem",
    "pk": 8,
    "fields": {
        "order": 8,
        "product": null,
        "price": "124.00",
        "quantity": 7
    }
},
{
    "model": "orders.orderitem",
    "pk": 9,
    "fields": {
        "order": 9,
        "product": null,
        "price": "50.00",
        "quantity": 4
    }
},
{
    "model": "orders.orderitem",
    "pk": 10,
    "fields": {
        "order": 9,
        "product": null,
        "price": "124.00",
        "quantity": 7
    }
},
{
    "model": "orders.orderitem",
    "pk": 11,
    "fields": {
        "order": 10,
        "product": null,
        "price": "50.00",
        "quantity": 4
    }
},
{
    "model": "orders.orderitem",
    "pk": 12,
    "fields": {
        "order": 10,
        "product": null,
        "price": "124.00",
        "quantity": 7
    }
},
{
    "model": "orders.orderitem",
    "pk": 13,
    "fields": {
        "order": 11,
        "product": null,
        "price": "50.00",
        "quantity": 4
    }
},
{
    "model": "orders.orderitem",
    "pk": 14,
    "fields": {
        "order": 11,
        "product": null,
        "price": "124.00",
        "quantity": 7
    }
},
{
    "model": "orders.orderitem",
    "pk": 15,
    "fields": {
        "order": 12,
        "product": null,
        "price": "50.00",
        "quantity": 4
    }
},
{
    "model": "orders.orderitem",
    "pk": 16,
    "fields": {
        "order": 12,
        "product": null,
        "price": "124.00",
        "quantity": 7
    }
},
{
    "model": "orders.orderitem",
    "pk": 17,
    "fields": {
        "order": 13,
        "product": null,
        "price": "50.00",
        "quantity": 4
    }
},
{
    "model": "orders.orderitem",
    "pk": 18,
    "fields": {
        "order": 13,
        "product": null,
        "price": "124.00",
        "quantity": 7
    }
},
{
    "model": "orders.orderitem",
    "pk": 19,
    "fields": {
        "order": 14,
        "product": null,
        "price": "50.00",
        "quantity": 4
    }
},
{
    "model": "orders.orderitem",
    "pk": 20,
    "fields": {
        "order": 14,
        "product": null,
        "price": "124.00",
        "quantity": 7
    }
},
{
    "model": "orders.orderitem",
    "pk": 21,
    "fields": {
        "order": 15,
        "product": null,
        "price": "50.00",
        "quantity": 4
    }
},
{
    "model": "orders.orderitem",
    "pk": 22,
    "fields": {
        "order": 15,
        "product": null,
        "price": "124.00",
        "quantity": 7
    }
},
{
    "model": "orders.orderitem",
    "pk": 23,
    "fields": {
        "order": 16,
        "product": null,
        "price": "50.00",
        "quantity": 4
    }
},
{
    "model": "orders.orderitem",
    "pk": 24,
    "fields": {
        "order": 16,
        "product": null,
        "price": "124.00",
        "quantity": 7
    }
},
{
    "model": "orders.orderitem",
    "pk": 25,
    "fields": {
        "order": 17,
        "product": null,
        "price": "50.00",
        "quantity": 4
    }
},
{
    "model": "orders.orderitem",
    "pk": 26,
    "fields": {
        "order": 17,
        "product": null,
        "price": "124.00",
        "quantity": 7
    }
},
{
    "model": "orders.orderitem",
    "pk": 27,
    "fields": {
        "order": 18,
        "product": null,
        "price": "50.00",
        "quantity": 4
    }
},
{
    "model": "orders.orderitem",
    "pk": 28,
    "fields": {
        "order": 18,
        "product": null,
        "price": "124.00",
        "quantity": 7
    }
},
{
    "model": "orders.orderitem",
    "pk": 29,
    "fields": {
        "order": 19,
        "product": null,
        "price": "50.00",
        "quantity": 4
    }
},
{
    "model": "orders.orderitem",
    "pk": 30,
    "fields": {
        "order": 19,
        "product": null,
        "price": "124.00",
        "quantity": 7
    }
},
{
    "model": "orders.orderitem",
    "pk": 31,
    "fields": {
        "order": 20,
        "product": null,
        "price": "50.00",
        "quantity": 4
    }
},
{
    "model": "orders.orderitem",
    "pk": 32,
    "fields": {
        "order": 20,
        "product": null,
        "price": "124.00",
        "quantity": 7
    }
},
{
    "model": "orders.orderitem",
    "pk": 33,
    "fields": {
        "order": 21,
        "product": null,
        "price": "50.00",
        "quantity": 3
    }
},
{
    "model": "orders.orderitem",
    "pk": 34,
    "fields": {
        "order": 21,
        "product": null,
        "price": "124.00",
        "quantity": 1
    }
},
{
    "model": "orders.orderitem",
    "pk": 35,
    "fields": {
        "order": 21,
        "product": null,
        "price": "3000.00",
        "quantity": 1
    }
},
{
    "model": "orders.orderitem",
    "pk": 36,
    "fields": {
        "order": 22,
        "product": null,
        "price": "3000.00",
        "quantity": 4
    }
},
{
    "model": "orders.orderitem",
    "pk": 37,
    "fields": {
        "order": 23,
        "product": null,
        "price": "50.00",
        "quantity": 1
    }
},
{
    "model": "orders.orderitem",
    "pk": 38,
    "fields": {
        "order": 23,
        "product": null,
        "price": "3000.00",
        "quantity": 1
    }
},
{
    "model": "orders.orderitem",
    "pk": 39,
    "fields": {
        "order": 24,
        "product": null,
        "price": "3000.00",
        "quantity": 3
    }
},
{
    "model": "orders.orderitem",
    "pk": 40,
    "fields": {
        "order": 24,
        "product": null,
        "price": "124.00",
        "quantity": 4
    }
},
{
    "model": "orders.orderitem",
    "pk": 41,
    "fields": {
        "order": 24,
        "product": null,
        "price": "50.00",
        "quantity": 4
    }
},
{
    "model": "orders.orderitem",
    "pk": 42,
    "fields": {
        "order": 25,
        "product": 6,
        "price": "600.00",
        "quantity": 3
    }
},
{
    "model": "orders.orderitem",
    "pk": 43,
    "fields": {
        "order": 26,
        "product": 6,
        "price": "600.00",
        "quantity": 1
    }
},
{
    "model": "orders.orderitem",
    "pk": 44,
    "fields": {
        "order": 26,
        "product": 5,
        "price": "4000.00",
        "quantity": 1
    }
},
{
    "model": "orders.orderitem",
    "pk": 45,
    "fields": {
        "order": 26,
        "product": 4,
        "price": "45.00",
        "quantity": 1
    }
},
{
    "model": "orders.orderitem",
    "pk": 46,
    "fields": {
        "order": 27,
        "product": 5,
        "price": "4000.00",
        "quantity": 1
    }
},
{
    "model": "orders.orderitem",
    "pk": 47,
    "fields": {
        "order": 27,
        "product": 4,
        "price": "45.00",
        "quantity": 2
    }
},
{
    "model": "orders.orderitem",
    "pk": 48,
    "fields": {
        "order": 27,
        "product": 7,
        "price": "600.00",
        "quantity": 1
    }
},
{
    "model": "payments.mpesapayment",
    "pk": 1,
    "fields": {
        "order": 2,
        "checkout_request_id": "ws_CO_23032026083702222704345035",
        "phone_number": "254704345035",
        "amount": "100.00",
        "mpesa_receipt": "RBA12ABC3D",
        "status": "Completed",
        "result_desc": "The service request is processed successfully.",
        "created_at": "2026-03-23T05:37:02.531Z",
        "updated_at": "2026-03-23T05:47:56.582Z"
    }
},
{
    "model": "token_blacklist.outstandingtoken",
    "pk": 1,
    "fields": {
        "user": [
            "japheth00@gmail.com"
        ],
        "jti": "0e522295aee64ebf8fdf6c717e1ee156",
        "token": "eyJhbGciOiJIUzI1NiIsInR5cCI6IkpXVCJ9.eyJ0b2tlbl90eXBlIjoicmVmcmVzaCIsImV4cCI6MTc3NjExODYzMiwiaWF0IjoxNzc1NTEzODMyLCJqdGkiOiIwZTUyMjI5NWFlZTY0ZWJmOGZkZjZjNzE3ZTFlZTE1NiIsInVzZXJfaWQiOiIxNiJ9.kKn9eyJe1yiFGwLk_ZOM7NwJPjcPLh0AaL299vPOtdQ",
        "created_at": "2026-04-06T22:17:12.523Z",
        "expires_at": "2026-04-13T22:17:12Z"
    }
},
{
    "model": "token_blacklist.outstandingtoken",
    "pk": 2,
    "fields": {
        "user": [
            "japheth00@gmail.com"
        ],
        "jti": "71a76938b0b641cd950ccb138947f2c6",
        "token": "eyJhbGciOiJIUzI1NiIsInR5cCI6IkpXVCJ9.eyJ0b2tlbl90eXBlIjoicmVmcmVzaCIsImV4cCI6MTc3NjExODY0MywiaWF0IjoxNzc1NTEzODQzLCJqdGkiOiI3MWE3NjkzOGIwYjY0MWNkOTUwY2NiMTM4OTQ3ZjJjNiIsInVzZXJfaWQiOiIxNiJ9.YPdWy7gJWCglA9_cBKYGRQbjpb9-UeHaDVh76hjMu8Y",
        "created_at": "2026-04-06T22:17:23.536Z",
        "expires_at": "2026-04-13T22:17:23Z"
    }
},
{
    "model": "token_blacklist.outstandingtoken",
    "pk": 3,
    "fields": {
        "user": [
            "japheth00@gmail.com"
        ],
        "jti": "0c751855dca54ba3835b47a94e26d462",
        "token": "eyJhbGciOiJIUzI1NiIsInR5cCI6IkpXVCJ9.eyJ0b2tlbl90eXBlIjoicmVmcmVzaCIsImV4cCI6MTc3NjExODcwMCwiaWF0IjoxNzc1NTEzOTAwLCJqdGkiOiIwYzc1MTg1NWRjYTU0YmEzODM1YjQ3YTk0ZTI2ZDQ2MiIsInVzZXJfaWQiOiIxNiJ9.-b3gPhsIO8298M-bPkyG355phIzfuXTJbkqwBq6Eo5E",
        "created_at": "2026-04-06T22:18:20.438Z",
        "expires_at": "2026-04-13T22:18:20Z"
    }
},
{
    "model": "token_blacklist.outstandingtoken",
    "pk": 4,
    "fields": {
        "user": [
            "japheth00@gmail.com"
        ],
        "jti": "bc8a28a366ac43988bdaa8005de0a4f9",
        "token": "eyJhbGciOiJIUzI1NiIsInR5cCI6IkpXVCJ9.eyJ0b2tlbl90eXBlIjoicmVmcmVzaCIsImV4cCI6MTc3NjExODc0NywiaWF0IjoxNzc1NTEzOTQ3LCJqdGkiOiJiYzhhMjhhMzY2YWM0Mzk4OGJkYWE4MDA1ZGUwYTRmOSIsInVzZXJfaWQiOiIxNiJ9.dXCdHhoI2gj-C0paqWi7aCwR6qerzcW11-rp9CeJyHE",
        "created_at": "2026-04-06T22:19:07.088Z",
        "expires_at": "2026-04-13T22:19:07Z"
    }
},
{
    "model": "token_blacklist.outstandingtoken",
    "pk": 5,
    "fields": {
        "user": [
            "admin@gmail.com"
        ],
        "jti": "b1151ea001cd4f27b8a5233a844794b0",
        "token": "eyJhbGciOiJIUzI1NiIsInR5cCI6IkpXVCJ9.eyJ0b2tlbl90eXBlIjoicmVmcmVzaCIsImV4cCI6MTc3NjExOTMwMCwiaWF0IjoxNzc1NTE0NTAwLCJqdGkiOiJiMTE1MWVhMDAxY2Q0ZjI3YjhhNTIzM2E4NDQ3OTRiMCIsInVzZXJfaWQiOiIxNyJ9.yEkNJlV-B_-IEaguxUPeOiRgOm7_ewh2G9x6OZHDPJU",
        "created_at": "2026-04-06T22:28:20.446Z",
        "expires_at": "2026-04-13T22:28:20Z"
    }
},
{
    "model": "token_blacklist.outstandingtoken",
    "pk": 6,
    "fields": {
        "user": [
            "admin@gmail.com"
        ],
        "jti": "d9f08f461d1b40c08c8da2df9da47fd8",
        "token": "eyJhbGciOiJIUzI1NiIsInR5cCI6IkpXVCJ9.eyJ0b2tlbl90eXBlIjoicmVmcmVzaCIsImV4cCI6MTc3NjExOTk5NSwiaWF0IjoxNzc1NTE1MTk1LCJqdGkiOiJkOWYwOGY0NjFkMWI0MGMwOGM4ZGEyZGY5ZGE0N2ZkOCIsInVzZXJfaWQiOiIxNyJ9.9q69PNQsYpSJNnAmz29auDHg-6fhEQazV1juHq9hoJ4",
        "created_at": "2026-04-06T22:39:55.831Z",
        "expires_at": "2026-04-13T22:39:55Z"
    }
},
{
    "model": "token_blacklist.outstandingtoken",
    "pk": 7,
    "fields": {
        "user": [
            "admin@gmail.com"
        ],
        "jti": "b7048cbd7fe343af888fa041790fcfa3",
        "token": "eyJhbGciOiJIUzI1NiIsInR5cCI6IkpXVCJ9.eyJ0b2tlbl90eXBlIjoicmVmcmVzaCIsImV4cCI6MTc3NjMyMDU0MCwiaWF0IjoxNzc1NzE1NzQwLCJqdGkiOiJiNzA0OGNiZDdmZTM0M2FmODg4ZmEwNDE3OTBmY2ZhMyIsInVzZXJfaWQiOiIxNyJ9._6ND5FLMR6UfUmyZfZ36DVuAkzK-V8ADjKmD1_SRo-Q",
        "created_at": "2026-04-09T06:22:20.437Z",
        "expires_at": "2026-04-16T06:22:20Z"
    }
},
{
    "model": "token_blacklist.outstandingtoken",
    "pk": 8,
    "fields": {
        "user": [
            "admin@gmail.com"
        ],
        "jti": "8ba313a059be4ed28a6b86c545c3f2b9",
        "token": "eyJhbGciOiJIUzI1NiIsInR5cCI6IkpXVCJ9.eyJ0b2tlbl90eXBlIjoicmVmcmVzaCIsImV4cCI6MTc3NjMyMDU4MiwiaWF0IjoxNzc1NzE1NzgyLCJqdGkiOiI4YmEzMTNhMDU5YmU0ZWQyOGE2Yjg2YzU0NWMzZjJiOSIsInVzZXJfaWQiOiIxNyJ9.Z6mIcc933aI6E4P9ERHQu1l14jzHeHQGq57gVRpUxvo",
        "created_at": "2026-04-09T06:23:02.775Z",
        "expires_at": "2026-04-16T06:23:02Z"
    }
},
{
    "model": "token_blacklist.outstandingtoken",
    "pk": 9,
    "fields": {
        "user": [
            "japheth45@gmail.com"
        ],
        "jti": "f2ff26d0fece4e13847f723aa2decc2d",
        "token": "eyJhbGciOiJIUzI1NiIsInR5cCI6IkpXVCJ9.eyJ0b2tlbl90eXBlIjoicmVmcmVzaCIsImV4cCI6MTc3NjMyMDY0NSwiaWF0IjoxNzc1NzE1ODQ1LCJqdGkiOiJmMmZmMjZkMGZlY2U0ZTEzODQ3ZjcyM2FhMmRlY2MyZCIsInVzZXJfaWQiOiIxNSJ9.qXiSWMi174jTPDyWOam_oFVdHmBygbNf8JhgkUoUD4E",
        "created_at": "2026-04-09T06:24:05.544Z",
        "expires_at": "2026-04-16T06:24:05Z"
    }
},
{
    "model": "token_blacklist.outstandingtoken",
    "pk": 10,
    "fields": {
        "user": [
            "japheth457@gmail.com"
        ],
        "jti": "bb50c676500f4d6ca30f83ea3c9cec29",
        "token": "eyJhbGciOiJIUzI1NiIsInR5cCI6IkpXVCJ9.eyJ0b2tlbl90eXBlIjoicmVmcmVzaCIsImV4cCI6MTc3NjMyMDczNywiaWF0IjoxNzc1NzE1OTM3LCJqdGkiOiJiYjUwYzY3NjUwMGY0ZDZjYTMwZjgzZWEzYzljZWMyOSIsInVzZXJfaWQiOiIxOCJ9.WUy1kAOnJjaXuC8PDqE9ClhunEUj2irIYnp1l9RBZbc",
        "created_at": "2026-04-09T06:25:37.157Z",
        "expires_at": "2026-04-16T06:25:37Z"
    }
},
{
    "model": "token_blacklist.outstandingtoken",
    "pk": 11,
    "fields": {
        "user": [
            "japheth45@gmail.com"
        ],
        "jti": "8d37a63122794317a83cb33369326a9f",
        "token": "eyJhbGciOiJIUzI1NiIsInR5cCI6IkpXVCJ9.eyJ0b2tlbl90eXBlIjoicmVmcmVzaCIsImV4cCI6MTc3NjMyMDc5NiwiaWF0IjoxNzc1NzE1OTk2LCJqdGkiOiI4ZDM3YTYzMTIyNzk0MzE3YTgzY2IzMzM2OTMyNmE5ZiIsInVzZXJfaWQiOiIxNSJ9.u80BtKp1Pzux_foCtgGPXOnWf_8jHl7XhhygmrXZzLY",
        "created_at": "2026-04-09T06:26:36.842Z",
        "expires_at": "2026-04-16T06:26:36Z"
    }
},
{
    "model": "token_blacklist.outstandingtoken",
    "pk": 12,
    "fields": {
        "user": [
            "admin@gmail.com"
        ],
        "jti": "99fd5afee9984aa2a4062c10af30121d",
        "token": "eyJhbGciOiJIUzI1NiIsInR5cCI6IkpXVCJ9.eyJ0b2tlbl90eXBlIjoicmVmcmVzaCIsImV4cCI6MTc3NjMyMDkyNywiaWF0IjoxNzc1NzE2MTI3LCJqdGkiOiI5OWZkNWFmZWU5OTg0YWEyYTQwNjJjMTBhZjMwMTIxZCIsInVzZXJfaWQiOiIxNyJ9.fCCUgSx-FnxT4gBvtXnpsonES5S3yTgYzH7tlOJqC8M",
        "created_at": "2026-04-09T06:28:47.060Z",
        "expires_at": "2026-04-16T06:28:47Z"
    }
},
{
    "model": "token_blacklist.outstandingtoken",
    "pk": 13,
    "fields": {
        "user": [
            "admin@gmail.com"
        ],
        "jti": "438b9db8d6ee4cb9ab3054e32925a57e",
        "token": "eyJhbGciOiJIUzI1NiIsInR5cCI6IkpXVCJ9.eyJ0b2tlbl90eXBlIjoicmVmcmVzaCIsImV4cCI6MTc3NjMyMTY1NSwiaWF0IjoxNzc1NzE2ODU1LCJqdGkiOiI0MzhiOWRiOGQ2ZWU0Y2I5YWIzMDU0ZTMyOTI1YTU3ZSIsInVzZXJfaWQiOiIxNyJ9.GVq39UiXSkJx4nNs0eG3ZogZ3NEMrw1HyhxMSHDkxCk",
        "created_at": "2026-04-09T06:40:55.802Z",
        "expires_at": "2026-04-16T06:40:55Z"
    }
},
{
    "model": "token_blacklist.outstandingtoken",
    "pk": 14,
    "fields": {
        "user": [
            "admin@gmail.com"
        ],
        "jti": "5be7c83153f14093b3bdcd96874c2c5f",
        "token": "eyJhbGciOiJIUzI1NiIsInR5cCI6IkpXVCJ9.eyJ0b2tlbl90eXBlIjoicmVmcmVzaCIsImV4cCI6MTc3NjMyMTY2NSwiaWF0IjoxNzc1NzE2ODY1LCJqdGkiOiI1YmU3YzgzMTUzZjE0MDkzYjNiZGNkOTY4NzRjMmM1ZiIsInVzZXJfaWQiOiIxNyJ9.xHb_b6dBCqOSrvXYpfWMVSFh43VjCDIMqSGfCmSff9k",
        "created_at": "2026-04-09T06:41:05.458Z",
        "expires_at": "2026-04-16T06:41:05Z"
    }
},
{
    "model": "token_blacklist.outstandingtoken",
    "pk": 15,
    "fields": {
        "user": [
            "admin@gmail.com"
        ],
        "jti": "db660e52a16348bc80198c3968a4348c",
        "token": "eyJhbGciOiJIUzI1NiIsInR5cCI6IkpXVCJ9.eyJ0b2tlbl90eXBlIjoicmVmcmVzaCIsImV4cCI6MTc3NjMyMTY3NSwiaWF0IjoxNzc1NzE2ODc1LCJqdGkiOiJkYjY2MGU1MmExNjM0OGJjODAxOThjMzk2OGE0MzQ4YyIsInVzZXJfaWQiOiIxNyJ9.XJ4XUv85_ShJLoA6sJ3E_40liO-NyPGfD8uGYef_t1Y",
        "created_at": "2026-04-09T06:41:15.996Z",
        "expires_at": "2026-04-16T06:41:15Z"
    }
},
{
    "model": "token_blacklist.outstandingtoken",
    "pk": 16,
    "fields": {
        "user": [
            "admin@gmail.com"
        ],
        "jti": "1193472fa10c499f8d65b93d5fe0cb5b",
        "token": "eyJhbGciOiJIUzI1NiIsInR5cCI6IkpXVCJ9.eyJ0b2tlbl90eXBlIjoicmVmcmVzaCIsImV4cCI6MTc3NjMyMTY5MCwiaWF0IjoxNzc1NzE2ODkwLCJqdGkiOiIxMTkzNDcyZmExMGM0OTlmOGQ2NWI5M2Q1ZmUwY2I1YiIsInVzZXJfaWQiOiIxNyJ9.kx4Ve6XMpkUqr1xyWS3TDZjTksn5QsTNsvaNtWLnDLw",
        "created_at": "2026-04-09T06:41:30.155Z",
        "expires_at": "2026-04-16T06:41:30Z"
    }
},
{
    "model": "token_blacklist.outstandingtoken",
    "pk": 17,
    "fields": {
        "user": [
            "japheth45@gmail.com"
        ],
        "jti": "92fa99facb924838b5c363bdfc3211d0",
        "token": "eyJhbGciOiJIUzI1NiIsInR5cCI6IkpXVCJ9.eyJ0b2tlbl90eXBlIjoicmVmcmVzaCIsImV4cCI6MTc3NjMyMTcwNiwiaWF0IjoxNzc1NzE2OTA2LCJqdGkiOiI5MmZhOTlmYWNiOTI0ODM4YjVjMzYzYmRmYzMyMTFkMCIsInVzZXJfaWQiOiIxNSJ9.7r7fJVOKQyTW3gMqLm3ZRlrHV7BrBDeGOJdbz7YI0co",
        "created_at": "2026-04-09T06:41:46.011Z",
        "expires_at": "2026-04-16T06:41:46Z"
    }
},
{
    "model": "token_blacklist.outstandingtoken",
    "pk": 18,
    "fields": {
        "user": [
            "admin@gmail.com"
        ],
        "jti": "c882ed3f8d294f7bb901d480f7c6fefa",
        "token": "eyJhbGciOiJIUzI1NiIsInR5cCI6IkpXVCJ9.eyJ0b2tlbl90eXBlIjoicmVmcmVzaCIsImV4cCI6MTc3NjMyMTcyMiwiaWF0IjoxNzc1NzE2OTIyLCJqdGkiOiJjODgyZWQzZjhkMjk0ZjdiYjkwMWQ0ODBmN2M2ZmVmYSIsInVzZXJfaWQiOiIxNyJ9.JIjeYFGBfgFX-8jdymhFjYFsqF1asgxforl2pakIV6U",
        "created_at": "2026-04-09T06:42:02.659Z",
        "expires_at": "2026-04-16T06:42:02Z"
    }
},
{
    "model": "token_blacklist.outstandingtoken",
    "pk": 19,
    "fields": {
        "user": [
            "admin@gmail.com"
        ],
        "jti": "d0b29c4f8b8d4deba5144f89f4a22751",
        "token": "eyJhbGciOiJIUzI1NiIsInR5cCI6IkpXVCJ9.eyJ0b2tlbl90eXBlIjoicmVmcmVzaCIsImV4cCI6MTc3NjMyMjczNSwiaWF0IjoxNzc1NzE3OTM1LCJqdGkiOiJkMGIyOWM0ZjhiOGQ0ZGViYTUxNDRmODlmNGEyMjc1MSIsInVzZXJfaWQiOiIxNyJ9.raOCDTTs6mhnTJVSaPGRAQAqWxdgMYH4aQGYKPWpOIQ",
        "created_at": "2026-04-09T06:58:55.939Z",
        "expires_at": "2026-04-16T06:58:55Z"
    }
},
{
    "model": "token_blacklist.outstandingtoken",
    "pk": 20,
    "fields": {
        "user": [
            "admin@gmail.com"
        ],
        "jti": "29a7625994eb445c89dfa690bf788ad3",
        "token": "eyJhbGciOiJIUzI1NiIsInR5cCI6IkpXVCJ9.eyJ0b2tlbl90eXBlIjoicmVmcmVzaCIsImV4cCI6MTc3NjMyMzMzMCwiaWF0IjoxNzc1NzE4NTMwLCJqdGkiOiIyOWE3NjI1OTk0ZWI0NDVjODlkZmE2OTBiZjc4OGFkMyIsInVzZXJfaWQiOiIxNyJ9.SzH16XJTglC6GmpSdAniRymAed8symy9TIcDwmwcQQw",
        "created_at": "2026-04-09T07:08:50.592Z",
        "expires_at": "2026-04-16T07:08:50Z"
    }
},
{
    "model": "token_blacklist.outstandingtoken",
    "pk": 21,
    "fields": {
        "user": [
            "admin@gmail.com"
        ],
        "jti": "ffacfc3a220a47b69c6403b36b29e93c",
        "token": "eyJhbGciOiJIUzI1NiIsInR5cCI6IkpXVCJ9.eyJ0b2tlbl90eXBlIjoicmVmcmVzaCIsImV4cCI6MTc3NjMyMzM3NCwiaWF0IjoxNzc1NzE4NTc0LCJqdGkiOiJmZmFjZmMzYTIyMGE0N2I2OWM2NDAzYjM2YjI5ZTkzYyIsInVzZXJfaWQiOiIxNyJ9.R0UAJKFwLVghTL_YiAjyh10pjMorUeyWCXSrv-WUVMc",
        "created_at": "2026-04-09T07:09:34.262Z",
        "expires_at": "2026-04-16T07:09:34Z"
    }
},
{
    "model": "token_blacklist.outstandingtoken",
    "pk": 22,
    "fields": {
        "user": [
            "admin@gmail.com"
        ],
        "jti": "894342aea771425d9a2b4a79859c5554",
        "token": "eyJhbGciOiJIUzI1NiIsInR5cCI6IkpXVCJ9.eyJ0b2tlbl90eXBlIjoicmVmcmVzaCIsImV4cCI6MTc3NjMyMzM4NCwiaWF0IjoxNzc1NzE4NTg0LCJqdGkiOiI4OTQzNDJhZWE3NzE0MjVkOWEyYjRhNzk4NTljNTU1NCIsInVzZXJfaWQiOiIxNyJ9.fu_J2sk1cIBZSdQTgw-R0pTRlfh1RLKM1onTiCvdQh0",
        "created_at": "2026-04-09T07:09:44.636Z",
        "expires_at": "2026-04-16T07:09:44Z"
    }
},
{
    "model": "token_blacklist.outstandingtoken",
    "pk": 23,
    "fields": {
        "user": [
            "admin@gmail.com"
        ],
        "jti": "f95ed7a1fb2b48dda8fba69115a5875f",
        "token": "eyJhbGciOiJIUzI1NiIsInR5cCI6IkpXVCJ9.eyJ0b2tlbl90eXBlIjoicmVmcmVzaCIsImV4cCI6MTc3NjMyNDI1OCwiaWF0IjoxNzc1NzE5NDU4LCJqdGkiOiJmOTVlZDdhMWZiMmI0OGRkYThmYmE2OTExNWE1ODc1ZiIsInVzZXJfaWQiOiIxNyJ9.Me-aWZN5mYO61h6zjkR7RiBdug7JQ4Ik-dP1UxCvlXI",
        "created_at": "2026-04-09T07:24:18.013Z",
        "expires_at": "2026-04-16T07:24:18Z"
    }
},
{
    "model": "token_blacklist.outstandingtoken",
    "pk": 24,
    "fields": {
        "user": [
            "admin@gmail.com"
        ],
        "jti": "6bedcc08caac43d4bc30bfa90e636a94",
        "token": "eyJhbGciOiJIUzI1NiIsInR5cCI6IkpXVCJ9.eyJ0b2tlbl90eXBlIjoicmVmcmVzaCIsImV4cCI6MTc3NjMzMTUwNiwiaWF0IjoxNzc1NzI2NzA2LCJqdGkiOiI2YmVkY2MwOGNhYWM0M2Q0YmMzMGJmYTkwZTYzNmE5NCIsInVzZXJfaWQiOiIxNyJ9.Ea0rQmt34qQCLmkLFwVNrdHoh0B4skJqjOwz7lSYvCQ",
        "created_at": "2026-04-09T09:25:06.954Z",
        "expires_at": "2026-04-16T09:25:06Z"
    }
},
{
    "model": "token_blacklist.outstandingtoken",
    "pk": 25,
    "fields": {
        "user": [
            "admin@gmail.com"
        ],
        "jti": "495df02c12ae4bd8b44e36bc3b144479",
        "token": "eyJhbGciOiJIUzI1NiIsInR5cCI6IkpXVCJ9.eyJ0b2tlbl90eXBlIjoicmVmcmVzaCIsImV4cCI6MTc3NjMzMjIxNywiaWF0IjoxNzc1NzI3NDE3LCJqdGkiOiI0OTVkZjAyYzEyYWU0YmQ4YjQ0ZTM2YmMzYjE0NDQ3OSIsInVzZXJfaWQiOiIxNyJ9.g7gWUH3R-g2hqc8EQaTTATDO7Zj-GqMJNyjcJEsPctE",
        "created_at": "2026-04-09T09:36:57.677Z",
        "expires_at": "2026-04-16T09:36:57Z"
    }
},
{
    "model": "admin.logentry",
    "pk": 1,
    "fields": {
        "action_time": "2026-03-22T19:35:14.342Z",
        "user": [
            "japhethanold3@gmail.com"
        ],
        "content_type": [
            "products",
            "category"
        ],
        "object_id": "1",
        "object_repr": "shirts",
        "action_flag": 1,
        "change_message": "[{\"added\": {}}]"
    }
},
{
    "model": "admin.logentry",
    "pk": 2,
    "fields": {
        "action_time": "2026-03-22T19:35:22.946Z",
        "user": [
            "japhethanold3@gmail.com"
        ],
        "content_type": [
            "products",
            "category"
        ],
        "object_id": "2",
        "object_repr": "sheets",
        "action_flag": 1,
        "change_message": "[{\"added\": {}}]"
    }
},
{
    "model": "admin.logentry",
    "pk": 3,
    "fields": {
        "action_time": "2026-03-22T19:35:34.525Z",
        "user": [
            "japhethanold3@gmail.com"
        ],
        "content_type": [
            "products",
            "category"
        ],
        "object_id": "3",
        "object_repr": "Beddings",
        "action_flag": 1,
        "change_message": "[{\"added\": {}}]"
    }
},
{
    "model": "admin.logentry",
    "pk": 4,
    "fields": {
        "action_time": "2026-03-22T19:38:24.128Z",
        "user": [
            "japhethanold3@gmail.com"
        ],
        "content_type": [
            "products",
            "product"
        ],
        "object_id": "1",
        "object_repr": "polo",
        "action_flag": 1,
        "change_message": "[{\"added\": {}}]"
    }
},
{
    "model": "admin.logentry",
    "pk": 5,
    "fields": {
        "action_time": "2026-03-22T19:38:51.258Z",
        "user": [
            "japhethanold3@gmail.com"
        ],
        "content_type": [
            "products",
            "product"
        ],
        "object_id": "1",
        "object_repr": "polo shirt",
        "action_flag": 2,
        "change_message": "[{\"changed\": {\"fields\": [\"Name\"]}}]"
    }
},
{
    "model": "admin.logentry",
    "pk": 6,
    "fields": {
        "action_time": "2026-03-22T19:39:09.162Z",
        "user": [
            "japhethanold3@gmail.com"
        ],
        "content_type": [
            "products",
            "product"
        ],
        "object_id": "1",
        "object_repr": "polo shirt",
        "action_flag": 2,
        "change_message": "[]"
    }
},
{
    "model": "admin.logentry",
    "pk": 7,
    "fields": {
        "action_time": "2026-03-22T19:42:44.603Z",
        "user": [
            "japhethanold3@gmail.com"
        ],
        "content_type": [
            "products",
            "product"
        ],
        "object_id": "1",
        "object_repr": "polo shirt",
        "action_flag": 2,
        "change_message": "[]"
    }
},
{
    "model": "admin.logentry",
    "pk": 8,
    "fields": {
        "action_time": "2026-03-22T19:52:51.112Z",
        "user": [
            "japhethanold3@gmail.com"
        ],
        "content_type": [
            "products",
            "product"
        ],
        "object_id": "1",
        "object_repr": "polo shirt",
        "action_flag": 2,
        "change_message": "[{\"changed\": {\"fields\": [\"Image\"]}}]"
    }
},
{
    "model": "admin.logentry",
    "pk": 9,
    "fields": {
        "action_time": "2026-03-23T05:11:15.518Z",
        "user": [
            "japheth12@gmail.com"
        ],
        "content_type": [
            "orders",
            "order"
        ],
        "object_id": "1",
        "object_repr": "Order 1",
        "action_flag": 1,
        "change_message": "[{\"added\": {}}]"
    }
},
{
    "model": "admin.logentry",
    "pk": 10,
    "fields": {
        "action_time": "2026-03-23T05:24:41.233Z",
        "user": [
            "japheth12@gmail.com"
        ],
        "content_type": [
            "orders",
            "order"
        ],
        "object_id": "1",
        "object_repr": "Order 1",
        "action_flag": 2,
        "change_message": "[]"
    }
},
{
    "model": "admin.logentry",
    "pk": 11,
    "fields": {
        "action_time": "2026-03-23T05:28:03.407Z",
        "user": [
            "japheth12@gmail.com"
        ],
        "content_type": [
            "products",
            "product"
        ],
        "object_id": "2",
        "object_repr": "japheth Anold Dindi",
        "action_flag": 1,
        "change_message": "[{\"added\": {}}]"
    }
},
{
    "model": "admin.logentry",
    "pk": 12,
    "fields": {
        "action_time": "2026-03-23T05:55:50.983Z",
        "user": [
            "japheth12@gmail.com"
        ],
        "content_type": [
            "products",
            "product"
        ],
        "object_id": "3",
        "object_repr": "duvet",
        "action_flag": 1,
        "change_message": "[{\"added\": {}}]"
    }
},
{
    "model": "admin.logentry",
    "pk": 13,
    "fields": {
        "action_time": "2026-03-25T18:12:29.486Z",
        "user": [
            "japheth00@gmail.com"
        ],
        "content_type": [
            "products",
            "product"
        ],
        "object_id": "2",
        "object_repr": "japheth Anold Dindi",
        "action_flag": 2,
        "change_message": "[{\"changed\": {\"fields\": [\"Image\"]}}]"
    }
},
{
    "model": "admin.logentry",
    "pk": 14,
    "fields": {
        "action_time": "2026-03-26T23:09:24.094Z",
        "user": [
            "japheth00@gmail.com"
        ],
        "content_type": [
            "products",
            "product"
        ],
        "object_id": "3",
        "object_repr": "duvet",
        "action_flag": 2,
        "change_message": "[{\"changed\": {\"fields\": [\"Image\"]}}]"
    }
},
{
    "model": "admin.logentry",
    "pk": 15,
    "fields": {
        "action_time": "2026-03-26T23:09:36.980Z",
        "user": [
            "japheth00@gmail.com"
        ],
        "content_type": [
            "products",
            "product"
        ],
        "object_id": "2",
        "object_repr": "japheth Anold Dindi",
        "action_flag": 2,
        "change_message": "[{\"changed\": {\"fields\": [\"Image\"]}}]"
    }
},
{
    "model": "admin.logentry",
    "pk": 16,
    "fields": {
        "action_time": "2026-03-26T23:09:46.999Z",
        "user": [
            "japheth00@gmail.com"
        ],
        "content_type": [
            "products",
            "product"
        ],
        "object_id": "1",
        "object_repr": "polo shirt",
        "action_flag": 2,
        "change_message": "[{\"changed\": {\"fields\": [\"Image\"]}}]"
    }
},
{
    "model": "admin.logentry",
    "pk": 17,
    "fields": {
        "action_time": "2026-03-31T08:52:20.164Z",
        "user": [
            "admin@gmail.com"
        ],
        "content_type": [
            "products",
            "product"
        ],
        "object_id": "2",
        "object_repr": "japheth Anold Dindi",
        "action_flag": 2,
        "change_message": "[]"
    }
},
{
    "model": "admin.logentry",
    "pk": 18,
    "fields": {
        "action_time": "2025-12-18T00:05:28.263Z",
        "user": [
            "admin@gmail.com"
        ],
        "content_type": [
            "products",
            "product"
        ],
        "object_id": "3",
        "object_repr": "duvet",
        "action_flag": 3,
        "change_message": ""
    }
},
{
    "model": "admin.logentry",
    "pk": 19,
    "fields": {
        "action_time": "2025-12-18T00:05:28.263Z",
        "user": [
            "admin@gmail.com"
        ],
        "content_type": [
            "products",
            "product"
        ],
        "object_id": "2",
        "object_repr": "japheth Anold Dindi",
        "action_flag": 3,
        "change_message": ""
    }
},
{
    "model": "admin.logentry",
    "pk": 20,
    "fields": {
        "action_time": "2025-12-18T00:05:28.264Z",
        "user": [
            "admin@gmail.com"
        ],
        "content_type": [
            "products",
            "product"
        ],
        "object_id": "1",
        "object_repr": "polo shirt",
        "action_flag": 3,
        "change_message": ""
    }
},
{
    "model": "admin.logentry",
    "pk": 21,
    "fields": {
        "action_time": "2025-12-18T00:06:13.171Z",
        "user": [
            "admin@gmail.com"
        ],
        "content_type": [
            "products",
            "product"
        ],
        "object_id": "4",
        "object_repr": "polo shirt",
        "action_flag": 1,
        "change_message": "[{\"added\": {}}]"
    }
},
{
    "model": "admin.logentry",
    "pk": 22,
    "fields": {
        "action_time": "2025-12-18T00:06:47.641Z",
        "user": [
            "admin@gmail.com"
        ],
        "content_type": [
            "products",
            "product"
        ],
        "object_id": "5",
        "object_repr": "duvet",
        "action_flag": 1,
        "change_message": "[{\"added\": {}}]"
    }
},
{
    "model": "admin.logentry",
    "pk": 23,
    "fields": {
        "action_time": "2025-12-18T00:07:30.429Z",
        "user": [
            "admin@gmail.com"
        ],
        "content_type": [
            "products",
            "product"
        ],
        "object_id": "6",
        "object_repr": "sheets",
        "action_flag": 1,
        "change_message": "[{\"added\": {}}]"
    }
},
{
    "model": "admin.logentry",
    "pk": 24,
    "fields": {
        "action_time": "2025-12-18T00:07:53.896Z",
        "user": [
            "admin@gmail.com"
        ],
        "content_type": [
            "products",
            "product"
        ],
        "object_id": "7",
        "object_repr": "sheets",
        "action_flag": 1,
        "change_message": "[{\"added\": {}}]"
    }
},
{
    "model": "admin.logentry",
    "pk": 25,
    "fields": {
        "action_time": "2025-12-18T00:09:06.910Z",
        "user": [
            "admin@gmail.com"
        ],
        "content_type": [
            "products",
            "category"
        ],
        "object_id": "4",
        "object_repr": "Foot wears",
        "action_flag": 1,
        "change_message": "[{\"added\": {}}]"
    }
},
{
    "model": "admin.logentry",
    "pk": 26,
    "fields": {
        "action_time": "2025-12-18T00:09:50.075Z",
        "user": [
            "admin@gmail.com"
        ],
        "content_type": [
            "products",
            "category"
        ],
        "object_id": "5",
        "object_repr": "inner wear",
        "action_flag": 1,
        "change_message": "[{\"added\": {}}]"
    }
}
]
